-- phpMyAdmin SQL Dump
-- version 5.2.1
-- https://www.phpmyadmin.net/
--
-- Servidor: 127.0.0.1
-- Tiempo de generación: 02-06-2026 a las 00:36:23
-- Versión del servidor: 10.4.32-MariaDB
-- Versión de PHP: 8.2.12

SET SQL_MODE = "NO_AUTO_VALUE_ON_ZERO";
START TRANSACTION;
SET time_zone = "+00:00";


/*!40101 SET @OLD_CHARACTER_SET_CLIENT=@@CHARACTER_SET_CLIENT */;
/*!40101 SET @OLD_CHARACTER_SET_RESULTS=@@CHARACTER_SET_RESULTS */;
/*!40101 SET @OLD_COLLATION_CONNECTION=@@COLLATION_CONNECTION */;
/*!40101 SET NAMES utf8mb4 */;

--
-- Base de datos: `gestfincas`
--

-- --------------------------------------------------------

--
-- Estructura de tabla para la tabla `asistencia_reunion`
--

CREATE TABLE `asistencia_reunion` (
  `id_asistencia` int(11) UNSIGNED NOT NULL,
  `id_reunion` int(11) UNSIGNED NOT NULL,
  `id_vivienda` int(10) UNSIGNED NOT NULL,
  `confirmacion` enum('pendiente','confirmada','rechazada') NOT NULL DEFAULT 'pendiente',
  `fecha_respuesta` date DEFAULT NULL
) ENGINE=InnoDB DEFAULT CHARSET=utf8mb4 COLLATE=utf8mb4_general_ci;

--
-- Volcado de datos para la tabla `asistencia_reunion`
--

INSERT INTO `asistencia_reunion` (`id_asistencia`, `id_reunion`, `id_vivienda`, `confirmacion`, `fecha_respuesta`) VALUES
(40, 5, 2, 'confirmada', '2026-06-02'),
(41, 5, 21, 'confirmada', '2026-06-02'),
(42, 5, 4, 'confirmada', '2026-06-02');

-- --------------------------------------------------------

--
-- Estructura de tabla para la tabla `avisos_plataforma`
--

CREATE TABLE `avisos_plataforma` (
  `id_aviso` int(11) UNSIGNED NOT NULL,
  `titulo` varchar(150) NOT NULL,
  `mensaje` text NOT NULL,
  `fecha_inicio` datetime NOT NULL,
  `fecha_fin` datetime NOT NULL,
  `activo` tinyint(1) NOT NULL DEFAULT 1,
  `fecha_creacion` datetime NOT NULL DEFAULT current_timestamp()
) ENGINE=InnoDB DEFAULT CHARSET=utf8mb4 COLLATE=utf8mb4_general_ci;

-- --------------------------------------------------------

--
-- Estructura de tabla para la tabla `codigo_validacion`
--

CREATE TABLE `codigo_validacion` (
  `id_codigo` int(11) UNSIGNED NOT NULL,
  `id_vivienda` int(11) UNSIGNED NOT NULL,
  `codigo` varchar(10) NOT NULL,
  `usado` tinyint(4) NOT NULL DEFAULT 0,
  `fecha_creacion` datetime NOT NULL
) ENGINE=InnoDB DEFAULT CHARSET=utf8mb4 COLLATE=utf8mb4_general_ci;

-- --------------------------------------------------------

--
-- Estructura de tabla para la tabla `comunicados`
--

CREATE TABLE `comunicados` (
  `id_comunicado` int(11) UNSIGNED NOT NULL,
  `id_comunidad` int(11) UNSIGNED NOT NULL,
  `titulo` varchar(255) NOT NULL,
  `cuerpo` text NOT NULL,
  `tipo` enum('normal','urgente') NOT NULL DEFAULT 'normal',
  `fecha_publicacion` datetime NOT NULL DEFAULT current_timestamp()
) ENGINE=InnoDB DEFAULT CHARSET=utf8mb4 COLLATE=utf8mb4_unicode_ci;

-- --------------------------------------------------------

--
-- Estructura de tabla para la tabla `comunicado_lectura`
--

CREATE TABLE `comunicado_lectura` (
  `id_comunicado_lectura` int(11) NOT NULL,
  `id_comunicado` int(11) UNSIGNED NOT NULL,
  `id_usuario` int(11) UNSIGNED NOT NULL
) ENGINE=InnoDB DEFAULT CHARSET=utf8mb4 COLLATE=utf8mb4_unicode_ci;

-- --------------------------------------------------------

--
-- Estructura de tabla para la tabla `comunidad`
--

CREATE TABLE `comunidad` (
  `id_comunidad` int(11) UNSIGNED NOT NULL,
  `id_mancomunidad` int(11) UNSIGNED DEFAULT NULL,
  `id_direccion` int(11) UNSIGNED NOT NULL,
  `nombre` varchar(100) DEFAULT NULL,
  `fecha_creacion` datetime NOT NULL
) ENGINE=InnoDB DEFAULT CHARSET=utf8mb4 COLLATE=utf8mb4_general_ci;

--
-- Volcado de datos para la tabla `comunidad`
--

INSERT INTO `comunidad` (`id_comunidad`, `id_mancomunidad`, `id_direccion`, `nombre`, `fecha_creacion`) VALUES
(1, NULL, 1, 'Las Flores', '2026-04-09 17:30:25'),
(2, NULL, 2, 'Los Cerezos', '2026-05-21 15:03:23'),
(3, NULL, 3, 'Los Pinos', '2026-05-21 15:03:56');

-- --------------------------------------------------------

--
-- Estructura de tabla para la tabla `cuota`
--

CREATE TABLE `cuota` (
  `id_cuota` int(11) UNSIGNED NOT NULL,
  `id_vivienda` int(10) UNSIGNED NOT NULL,
  `tipo` enum('mensual','derrama') NOT NULL DEFAULT 'mensual',
  `concepto` varchar(255) NOT NULL,
  `importe` decimal(10,2) NOT NULL,
  `fecha_emision` date NOT NULL,
  `estado` enum('pagada','pendiente') NOT NULL DEFAULT 'pendiente'
) ENGINE=InnoDB DEFAULT CHARSET=utf8mb4 COLLATE=utf8mb4_unicode_ci;

--
-- Volcado de datos para la tabla `cuota`
--

INSERT INTO `cuota` (`id_cuota`, `id_vivienda`, `tipo`, `concepto`, `importe`, `fecha_emision`, `estado`) VALUES
(1, 2, 'mensual', 'Cuota Marzo 2026', 50.00, '2026-03-01', 'pagada'),
(2, 4, 'mensual', 'Cuota Marzo 2026', 50.00, '2026-03-01', 'pagada'),
(3, 2, 'derrama', 'Derrama arreglo tejado', 100.00, '2026-03-15', 'pagada'),
(4, 4, 'derrama', 'Derrama arreglo tejado', 100.00, '2026-03-15', 'pagada'),
(13, 2, 'mensual', 'Cuota Marzo 2026', 50.00, '2026-03-01', 'pagada'),
(14, 4, 'mensual', 'Cuota Marzo 2026', 50.00, '2026-03-01', 'pagada'),
(17, 2, 'mensual', 'Ascensor reparación', 111.00, '2026-04-10', 'pagada'),
(18, 4, 'mensual', 'Ascensor reparación', 111.00, '2026-04-10', 'pagada'),
(19, 2, 'mensual', 'Cuota MAyo 2026', 66.00, '2026-04-30', 'pagada'),
(20, 4, 'mensual', 'Cuota MAyo 2026', 66.00, '2026-04-30', 'pagada');

-- --------------------------------------------------------

--
-- Estructura de tabla para la tabla `direccion`
--

CREATE TABLE `direccion` (
  `id_direccion` int(11) UNSIGNED NOT NULL,
  `tipo` enum('mancomunidad','comunidad','vivienda','') NOT NULL,
  `calle` varchar(100) NOT NULL,
  `numero` int(11) NOT NULL,
  `edificio` varchar(50) DEFAULT NULL,
  `planta` int(11) DEFAULT NULL,
  `puerta` varchar(10) DEFAULT NULL,
  `ciudad` varchar(50) NOT NULL,
  `provincia` varchar(50) NOT NULL,
  `codigo_postal` int(11) NOT NULL,
  `pais` varchar(50) NOT NULL
) ENGINE=InnoDB DEFAULT CHARSET=utf8mb4 COLLATE=utf8mb4_general_ci;

--
-- Volcado de datos para la tabla `direccion`
--

INSERT INTO `direccion` (`id_direccion`, `tipo`, `calle`, `numero`, `edificio`, `planta`, `puerta`, `ciudad`, `provincia`, `codigo_postal`, `pais`) VALUES
(1, 'comunidad', 'Las Flores', 2, NULL, NULL, NULL, 'Berchules', 'Granada', 14700, 'España'),
(2, 'comunidad', 'Calle Zaragoza', 5, NULL, NULL, NULL, 'Sin especificar', 'Sin especificar', 0, 'Sin especificar'),
(3, 'comunidad', 'Calle Ruiseñor', 12, NULL, NULL, NULL, 'Sin especificar', 'Sin especificar', 0, 'Sin especificar'),
(4, 'comunidad', 'asd', 123, NULL, NULL, NULL, 'Sin especificar', 'Sin especificar', 0, 'Sin especificar');

-- --------------------------------------------------------

--
-- Estructura de tabla para la tabla `espacios_comunidad`
--

CREATE TABLE `espacios_comunidad` (
  `id_espacios_comunidad` int(10) UNSIGNED NOT NULL,
  `id_comunidad` int(10) UNSIGNED NOT NULL,
  `nombre_espacio` varchar(100) NOT NULL,
  `aforo` int(4) UNSIGNED NOT NULL,
  `max_personas` int(4) UNSIGNED NOT NULL,
  `hora_apertura` time NOT NULL,
  `hora_cierre` time NOT NULL,
  `duracion_uso` int(10) UNSIGNED NOT NULL,
  `bloqueado` tinyint(3) UNSIGNED NOT NULL DEFAULT 0,
  `motivo` varchar(255) DEFAULT NULL,
  `fecha_actualizacion` datetime DEFAULT NULL
) ENGINE=InnoDB DEFAULT CHARSET=utf8mb4 COLLATE=utf8mb4_general_ci;

--
-- Volcado de datos para la tabla `espacios_comunidad`
--

INSERT INTO `espacios_comunidad` (`id_espacios_comunidad`, `id_comunidad`, `nombre_espacio`, `aforo`, `max_personas`, `hora_apertura`, `hora_cierre`, `duracion_uso`, `bloqueado`, `motivo`, `fecha_actualizacion`) VALUES
(3, 1, 'Piscina', 30, 15, '09:00:00', '23:00:00', 30, 0, NULL, NULL),
(4, 1, 'Gym', 100, 20, '07:30:00', '21:45:00', 90, 0, NULL, NULL);

-- --------------------------------------------------------

--
-- Estructura de tabla para la tabla `espacios_normas`
--

CREATE TABLE `espacios_normas` (
  `id_espacios_normas` int(10) UNSIGNED NOT NULL,
  `id_espacios_comunidad` int(10) UNSIGNED NOT NULL,
  `descripcion` text NOT NULL
) ENGINE=InnoDB DEFAULT CHARSET=utf8mb4 COLLATE=utf8mb4_general_ci;

--
-- Volcado de datos para la tabla `espacios_normas`
--

INSERT INTO `espacios_normas` (`id_espacios_normas`, `id_espacios_comunidad`, `descripcion`) VALUES
(6, 3, 'Seguir las ordenes de la administración Recio que bueno soy y que culito tengo'),
(7, 3, 'Cualquier duda a coque que se encarga de la piscina'),
(8, 4, 'zdgvd dsd');

-- --------------------------------------------------------

--
-- Estructura de tabla para la tabla `foro_mensaje`
--

CREATE TABLE `foro_mensaje` (
  `id_mensaje` int(11) UNSIGNED NOT NULL,
  `id_tema` int(11) UNSIGNED NOT NULL,
  `id_usuario` int(11) UNSIGNED NOT NULL,
  `mensaje` text NOT NULL,
  `fecha_creacion` datetime DEFAULT current_timestamp()
) ENGINE=InnoDB DEFAULT CHARSET=utf8mb4 COLLATE=utf8mb4_general_ci;

--
-- Volcado de datos para la tabla `foro_mensaje`
--

INSERT INTO `foro_mensaje` (`id_mensaje`, `id_tema`, `id_usuario`, `mensaje`, `fecha_creacion`) VALUES
(4, 1, 1, 'Que te follen Pepe', '2026-05-02 13:45:36'),
(7, 1, 3, '[cita id=\"4\" autor=\"Maria Pelaez\"]Que te follen Pepe[/cita]\r\nCállese vieja bruja!! 🔥​🔥​🔥​🔥​​', '2026-05-02 16:26:26'),
(16, 3, 3, 'sadasfasdfasdfa', '2026-05-04 09:11:05'),
(17, 3, 3, '[cita id=\"16\" autor=\"pepe perez\"]sadasfasdfasdfa[/cita]\r\nasdfasdfasfdasdf', '2026-05-04 09:11:10'),
(19, 1, 1, 'hello', '2026-05-04 11:26:12'),
(20, 6, 1, 'asdasdas', '2026-05-04 11:26:34'),
(21, 6, 3, 'sisi', '2026-05-04 11:29:11'),
(27, 5, 1, 'Vendo movil de la rambla cogido del suelo', '2026-05-06 18:55:13'),
(29, 5, 3, 'Vendo pistola electrica', '2026-05-06 18:56:32'),
(30, 5, 3, '[cita id=\"27\" autor=\"Maria Pelaez\"]Vendo movil de la rambla cogido del suelo[/cita]\r\nChoriza', '2026-05-06 18:56:40'),
(31, 5, 3, '[cita id=\"29\" autor=\"pepe perez\"]Vendo pistola electrica[/cita]\r\nDe primerísima calidad', '2026-05-06 19:05:31');

-- --------------------------------------------------------

--
-- Estructura de tabla para la tabla `foro_tema`
--

CREATE TABLE `foro_tema` (
  `id_tema` int(11) UNSIGNED NOT NULL,
  `id_comunidad` int(11) UNSIGNED NOT NULL,
  `id_usuario` int(11) UNSIGNED NOT NULL,
  `titulo` varchar(255) NOT NULL,
  `descripcion` text NOT NULL,
  `fecha_creacion` datetime DEFAULT current_timestamp(),
  `estado` enum('abierto','cerrado') DEFAULT 'abierto',
  `categoria` varchar(50) DEFAULT 'general'
) ENGINE=InnoDB DEFAULT CHARSET=utf8mb4 COLLATE=utf8mb4_general_ci;

--
-- Volcado de datos para la tabla `foro_tema`
--

INSERT INTO `foro_tema` (`id_tema`, `id_comunidad`, `id_usuario`, `titulo`, `descripcion`, `fecha_creacion`, `estado`, `categoria`) VALUES
(1, 1, 3, 'Horario piscina', 'Alguien sabe el horario de la piscina?', '2026-04-29 13:16:30', 'abierto', 'general'),
(3, 1, 3, 'Busco pareja para league of legends', 'asdasdasdasdasd', '2026-05-04 09:10:47', 'abierto', 'general'),
(5, 1, 3, 'Vendo Boli Bic y regalo entradas para la Final de la Champions', 'Vendo boli Bic de color azul y regalo 2 entradas para la final de la Champions.\r\nPrecio: 1500 € (no negociable)', '2026-05-04 10:54:48', 'abierto', 'mercadillo'),
(6, 1, 1, 'prueba', 'asdasdasd', '2026-05-04 11:26:30', 'abierto', 'general'),
(7, 1, 1, 'Fiesta Halloween', 'Sería buena idea que la comunidad celebre la fiesta de Halloween, y a Pepe lo vestimos de esqueleto repartiendo caramelos', '2026-05-06 01:51:46', 'abierto', 'propuestas');

-- --------------------------------------------------------

--
-- Estructura de tabla para la tabla `gasto`
--

CREATE TABLE `gasto` (
  `id_gasto` int(11) UNSIGNED NOT NULL,
  `id_comunidad` int(11) UNSIGNED NOT NULL,
  `concepto` varchar(255) NOT NULL,
  `categoria` varchar(100) NOT NULL,
  `fecha` date NOT NULL,
  `importe` decimal(10,2) NOT NULL,
  `estado` enum('pendiente','aprobado','rechazado') NOT NULL DEFAULT 'pendiente'
) ENGINE=InnoDB DEFAULT CHARSET=utf8mb4 COLLATE=utf8mb4_unicode_ci;

--
-- Volcado de datos para la tabla `gasto`
--

INSERT INTO `gasto` (`id_gasto`, `id_comunidad`, `concepto`, `categoria`, `fecha`, `importe`, `estado`) VALUES
(1, 1, 'Revisión completa ascensor - presupuesto TechLift', 'Ascensores', '2026-03-20', 650.00, 'pendiente'),
(2, 1, 'Sustitución luminarias portal', 'Electricidad', '2026-03-16', 387.20, 'pendiente'),
(3, 1, 'Limpieza mensual marzo', 'Limpieza', '2026-03-01', 200.00, 'aprobado'),
(6, 1, 'Ascensor reparacion', 'Ascensores', '2026-04-24', 222.00, 'aprobado'),
(7, 1, 'devolucion ascensor', 'Ascensores', '2026-04-24', -100.00, 'aprobado'),
(8, 1, 'Limpieza', 'Limpieza', '2026-04-27', 100.00, 'aprobado'),
(9, 1, 'limpieza correccion', 'Mantenimiento y Reparaciones', '2026-04-27', -10.00, 'aprobado');

-- --------------------------------------------------------

--
-- Estructura de tabla para la tabla `incidencias`
--

CREATE TABLE `incidencias` (
  `id_incidencias` int(10) UNSIGNED NOT NULL,
  `id_vivienda` int(10) UNSIGNED NOT NULL,
  `titulo` varchar(100) NOT NULL,
  `texto_normalizado` varchar(400) NOT NULL,
  `descripcion` varchar(255) NOT NULL,
  `fecha_creacion` datetime NOT NULL DEFAULT current_timestamp(),
  `fecha_actualizacion` datetime DEFAULT current_timestamp() ON UPDATE current_timestamp(),
  `estado` enum('pendiente','abierta','resuelta') NOT NULL,
  `numero_afectados` int(10) UNSIGNED NOT NULL,
  `foto_incidencia` varchar(255) NOT NULL
) ENGINE=InnoDB DEFAULT CHARSET=utf8mb4 COLLATE=utf8mb4_general_ci;

--
-- Volcado de datos para la tabla `incidencias`
--

INSERT INTO `incidencias` (`id_incidencias`, `id_vivienda`, `titulo`, `texto_normalizado`, `descripcion`, `fecha_creacion`, `fecha_actualizacion`, `estado`, `numero_afectados`, `foto_incidencia`) VALUES
(1, 21, 'Ratas portal', 'ratas portal ratas portal', 'hay ratas en el portal', '2026-06-01 17:34:28', '2026-06-01 17:34:28', 'pendiente', 1, 'public/uploads/incidencias/inc_6a1da684b21155.72522696.webp');

-- --------------------------------------------------------

--
-- Estructura de tabla para la tabla `incidencias_uniones`
--

CREATE TABLE `incidencias_uniones` (
  `id_incidencias_uniones` int(10) UNSIGNED NOT NULL,
  `id_incidencias` int(10) UNSIGNED NOT NULL,
  `id_vivienda` int(10) UNSIGNED NOT NULL,
  `fecha_union` timestamp NOT NULL DEFAULT current_timestamp()
) ENGINE=InnoDB DEFAULT CHARSET=utf8mb4 COLLATE=utf8mb4_general_ci;

-- --------------------------------------------------------

--
-- Estructura de tabla para la tabla `mancomunidad`
--

CREATE TABLE `mancomunidad` (
  `id_mancomunidad` int(11) UNSIGNED NOT NULL,
  `id_direccion` int(11) UNSIGNED NOT NULL,
  `nombre` varchar(50) NOT NULL
) ENGINE=InnoDB DEFAULT CHARSET=utf8mb4 COLLATE=utf8mb4_general_ci;

-- --------------------------------------------------------

--
-- Estructura de tabla para la tabla `matriculas`
--

CREATE TABLE `matriculas` (
  `id_matricula` int(10) UNSIGNED NOT NULL,
  `id_vivienda` int(10) UNSIGNED NOT NULL,
  `matricula` varchar(20) NOT NULL,
  `uso_matricula` enum('habitual','invitado') NOT NULL,
  `marca_vehículo` varchar(20) NOT NULL,
  `nombre_invitado` varchar(40) DEFAULT NULL,
  `fecha_entrada` datetime NOT NULL
) ENGINE=InnoDB DEFAULT CHARSET=utf8mb4 COLLATE=utf8mb4_general_ci;

--
-- Volcado de datos para la tabla `matriculas`
--

INSERT INTO `matriculas` (`id_matricula`, `id_vivienda`, `matricula`, `uso_matricula`, `marca_vehículo`, `nombre_invitado`, `fecha_entrada`) VALUES
(1, 21, '2244ABC', 'habitual', 'Seat Ibiza', NULL, '2026-06-01 16:22:19'),
(2, 21, '4455COM', 'habitual', 'Lamborgini', NULL, '2026-06-01 16:23:01'),
(3, 21, '9988SER', 'invitado', 'Porsche', 'Catalina war', '2026-06-02 00:00:00'),
(4, 2, '9090WAR', 'habitual', 'Kia', NULL, '2026-06-02 00:05:15'),
(5, 2, '2323CAT', 'habitual', 'Qasqai', NULL, '2026-06-02 00:05:33');

-- --------------------------------------------------------

--
-- Estructura de tabla para la tabla `proveedores`
--

CREATE TABLE `proveedores` (
  `id_proveedor` int(11) UNSIGNED NOT NULL,
  `id_comunidad` int(11) UNSIGNED NOT NULL,
  `nombre` varchar(150) NOT NULL,
  `categoria` varchar(100) NOT NULL DEFAULT 'Otros',
  `telefono` varchar(20) DEFAULT NULL,
  `email` varchar(100) DEFAULT NULL,
  `horario` varchar(100) DEFAULT NULL,
  `descripcion` text DEFAULT NULL
) ENGINE=InnoDB DEFAULT CHARSET=utf8mb4 COLLATE=utf8mb4_general_ci;

--
-- Volcado de datos para la tabla `proveedores`
--

INSERT INTO `proveedores` (`id_proveedor`, `id_comunidad`, `nombre`, `categoria`, `telefono`, `email`, `horario`, `descripcion`) VALUES
(3, 1, 'MarioBros', 'Fontaner铆a', '929556274', 'MarioyLuigi@gmail.com', 'L-J de 8.00 a 14.00 y de 16.00 a 18.00', 'Arreglamos, tuber铆as, ba帽os, fregaderos y salvamos princesas en nuestro tiempo libre YaJuuu'),
(4, 1, 'AlamBrito', 'Electricidad', '678492373', 'alam@brito.com', 'L-V de 10 a 18', 'Arreglamos cableados, enchufes y termomixes'),
(5, 1, 'ManiManitas', 'Conserjer铆a', '678940324', 'Mani@manitas.com', 'L-J de 8.00 a 16.00 y V-S de 8.00 a 15.00', 'No arreglo nada, solo saco la basura y limpio el portal.  De vez en cuando me puedes pedir que te cuelgue un cuadro no me llames para tonter铆as'),
(6, 1, 'Coque SL', 'Jardiner铆a', '123932123', 'coquecalatraba@gmail.com', 'L-V de 10 a 18', 'Coque conserje, jardinero, todo');

-- --------------------------------------------------------

--
-- Estructura de tabla para la tabla `reservas`
--

CREATE TABLE `reservas` (
  `id_reservas` int(11) UNSIGNED NOT NULL,
  `id_usuario` int(10) UNSIGNED NOT NULL,
  `id_espacios_comunidad` int(10) UNSIGNED NOT NULL,
  `asistentes` int(4) UNSIGNED NOT NULL DEFAULT 1,
  `fecha_reserva` date NOT NULL,
  `hora_inicio` time NOT NULL,
  `hora_fin` time NOT NULL,
  `estado_reserva` enum('activo','inactivo') NOT NULL
) ENGINE=InnoDB DEFAULT CHARSET=utf8mb4 COLLATE=utf8mb4_general_ci;

--
-- Volcado de datos para la tabla `reservas`
--

INSERT INTO `reservas` (`id_reservas`, `id_usuario`, `id_espacios_comunidad`, `asistentes`, `fecha_reserva`, `hora_inicio`, `hora_fin`, `estado_reserva`) VALUES
(1, 3, 3, 4, '2026-04-22', '10:00:00', '10:30:00', 'inactivo'),
(2, 1, 3, 13, '2026-04-21', '18:00:00', '18:30:00', 'inactivo'),
(3, 3, 3, 2, '2026-04-21', '18:30:00', '19:00:00', 'inactivo'),
(4, 3, 3, 15, '2026-04-23', '18:00:00', '18:30:00', 'inactivo'),
(5, 1, 3, 15, '2026-04-22', '18:00:00', '18:30:00', 'inactivo'),
(6, 1, 3, 14, '2026-04-23', '17:30:00', '18:00:00', 'inactivo'),
(7, 3, 3, 15, '2026-05-01', '16:30:00', '17:00:00', 'inactivo'),
(8, 1, 3, 15, '2026-05-01', '16:30:00', '17:00:00', 'inactivo'),
(9, 3, 3, 13, '2026-05-13', '16:30:00', '17:00:00', 'inactivo'),
(10, 3, 4, 18, '2026-05-02', '12:00:00', '13:30:00', 'inactivo'),
(11, 17, 4, 2, '2026-06-02', '07:30:00', '09:00:00', 'activo'),
(12, 1, 3, 2, '2026-06-02', '09:00:00', '09:30:00', 'activo');

-- --------------------------------------------------------

--
-- Estructura de tabla para la tabla `reunion`
--

CREATE TABLE `reunion` (
  `id_reunion` int(11) UNSIGNED NOT NULL,
  `id_comunidad` int(11) UNSIGNED NOT NULL,
  `titulo` varchar(150) NOT NULL,
  `descripcion` text DEFAULT NULL,
  `fecha` date NOT NULL,
  `hora` time NOT NULL,
  `lugar` varchar(100) NOT NULL,
  `orden_del_dia` text NOT NULL,
  `pdf_orden_dia` varchar(255) DEFAULT NULL,
  `estado` enum('convocada','en_curso','finalizada') NOT NULL DEFAULT 'convocada',
  `fecha_creacion` datetime NOT NULL DEFAULT current_timestamp()
) ENGINE=InnoDB DEFAULT CHARSET=utf8mb4 COLLATE=utf8mb4_general_ci;

--
-- Volcado de datos para la tabla `reunion`
--

INSERT INTO `reunion` (`id_reunion`, `id_comunidad`, `titulo`, `descripcion`, `fecha`, `hora`, `lugar`, `orden_del_dia`, `pdf_orden_dia`, `estado`, `fecha_creacion`) VALUES
(5, 1, 'ANTONIO RECIO PRESIDENTE', 'JUNTA URGENTE', '2026-06-12', '08:40:00', 'Casa de Antonio Recio', '[\"Punto del dia \",\"SOY PRESIDENTE DE LA COMUNIDAD\"]', 'public/uploads/reuniones/5.pdf', 'convocada', '2026-04-15 02:22:07'),
(7, 1, 'asdddf', 'dfgdfghj', '2026-04-23', '12:12:00', 'asd', '[\"awsed\"]', NULL, 'convocada', '2026-04-17 09:12:22');

-- --------------------------------------------------------

--
-- Estructura de tabla para la tabla `superadmin`
--

CREATE TABLE `superadmin` (
  `id_superadmin` int(11) UNSIGNED NOT NULL,
  `nombre` varchar(100) NOT NULL,
  `email` varchar(100) NOT NULL,
  `password` varchar(255) NOT NULL
) ENGINE=InnoDB DEFAULT CHARSET=utf8mb4 COLLATE=utf8mb4_general_ci;

--
-- Volcado de datos para la tabla `superadmin`
--

INSERT INTO `superadmin` (`id_superadmin`, `nombre`, `email`, `password`) VALUES
(1, 'Super Admin', 'admin@gestfincas.com', '$2y$10$92IXUNpkjO0rOQ5byMi.Ye4oKoEa3Ro9llC/.og/at2.uheWG/igi');

-- --------------------------------------------------------

--
-- Estructura de tabla para la tabla `usuario`
--

CREATE TABLE `usuario` (
  `id_usuario` int(11) UNSIGNED NOT NULL,
  `id_vivienda` int(11) UNSIGNED NOT NULL,
  `nombre` varchar(100) NOT NULL,
  `apellidos` varchar(100) NOT NULL,
  `dni` varchar(9) NOT NULL,
  `email` varchar(50) NOT NULL,
  `password` varchar(255) NOT NULL,
  `fecha_registro` datetime NOT NULL,
  `es_propietario` tinyint(4) NOT NULL DEFAULT 1,
  `rol` enum('vecino','presidente') NOT NULL,
  `token_recuperacion` varchar(100) DEFAULT NULL,
  `expiracion_token` datetime DEFAULT NULL
) ENGINE=InnoDB DEFAULT CHARSET=utf8mb4 COLLATE=utf8mb4_general_ci;

--
-- Volcado de datos para la tabla `usuario`
--

INSERT INTO `usuario` (`id_usuario`, `id_vivienda`, `nombre`, `apellidos`, `dni`, `email`, `password`, `fecha_registro`, `es_propietario`, `rol`, `token_recuperacion`, `expiracion_token`) VALUES
(1, 2, 'Maria', 'Pelaez', '42034567R', 'mariapelaez@gmail.com', '$2y$10$XyV7m6OAZ8IdECKxvEYEt.7Waw1b4VNY4fNWGfHb6/p4rwdzWDjmS', '2026-04-09 17:37:13', 1, 'vecino', NULL, NULL),
(3, 4, 'pepe', 'perez', '28394873E', 'pepe@gmail.com', '$2y$10$qCYoCjYbtUazNP7W1pifwOFfHDJPT6A7bgGLqilyQ3STqWHwl1og.', '2026-04-15 02:18:47', 1, 'presidente', NULL, NULL),
(13, 15, 'Moisés', 'Moreno Robles', '23456789E', 'moisesmobles@gmail.com', '$2y$10$iT9DF1JRbEXIraF.2TEN1e14pNi3Srkj8B7Y51t.uhV7PfLoUVpSu', '2026-05-12 23:40:51', 1, 'vecino', NULL, NULL),
(14, 16, 'pepe', 'pepito', '123123123', 'pepe@presi.com', '$2y$10$h0LLXEvgrwHTtZpBaa64bu2q3PE7MJ4RZpBJA6TKlWw.fV4qJfC9y', '2026-05-21 15:03:23', 1, 'presidente', NULL, NULL),
(15, 17, 'alex', 'sisi', '123123123', 'alex@presi.com', '$2y$10$y7KbblG2IuhnWdcfaq10LOn3sG0jBwkSCUlxXkJspoqym3EEchF0y', '2026-05-21 15:03:56', 1, 'presidente', NULL, NULL),
(17, 21, 'José Joaquín', 'Despliegue Caos', '00000001C', 'jj@gmail.com', '$2y$10$cSxABB5eRCyHdiWIWm2iQuKcDtw4tfS0HgWex5VELX34SXH/9L3PO', '2026-06-01 16:10:24', 1, 'vecino', NULL, NULL);

-- --------------------------------------------------------

--
-- Estructura de tabla para la tabla `vivienda`
--

CREATE TABLE `vivienda` (
  `id_vivienda` int(10) UNSIGNED NOT NULL,
  `id_comunidad` int(11) UNSIGNED NOT NULL,
  `nombre` varchar(50) NOT NULL
) ENGINE=InnoDB DEFAULT CHARSET=utf8mb4 COLLATE=utf8mb4_general_ci;

--
-- Volcado de datos para la tabla `vivienda`
--

INSERT INTO `vivienda` (`id_vivienda`, `id_comunidad`, `nombre`) VALUES
(2, 1, 'Planta 2-C'),
(4, 1, 'Planta 1-C'),
(15, 1, 'Planta 2-C'),
(16, 2, 'Planta 5-B'),
(17, 3, 'Planta 5-C'),
(21, 1, 'Planta 7-A');

-- --------------------------------------------------------

--
-- Estructura de tabla para la tabla `votacion`
--

CREATE TABLE `votacion` (
  `id_votacion` int(11) UNSIGNED NOT NULL,
  `id_comunidad` int(11) UNSIGNED NOT NULL,
  `titulo` varchar(255) NOT NULL,
  `descripcion` text DEFAULT NULL,
  `fecha_limite` datetime DEFAULT NULL,
  `fecha_creacion` datetime NOT NULL DEFAULT current_timestamp(),
  `activa` tinyint(1) NOT NULL DEFAULT 1
) ENGINE=InnoDB DEFAULT CHARSET=utf8mb4 COLLATE=utf8mb4_general_ci;

--
-- Volcado de datos para la tabla `votacion`
--

INSERT INTO `votacion` (`id_votacion`, `id_comunidad`, `titulo`, `descripcion`, `fecha_limite`, `fecha_creacion`, `activa`) VALUES
(2, 1, 'Derrama ascensor', 'Se requiere de una aportación de 200 euros por vecino para arreglar ascensor', '2026-06-02 23:59:00', '2026-06-01 23:59:39', 1),
(3, 1, 'Pintar fachada', 'Es necesario pintar la fachada. Se necesita aporte', '2026-06-02 00:15:00', '2026-06-02 00:10:41', 1);

-- --------------------------------------------------------

--
-- Estructura de tabla para la tabla `votacion_opcion`
--

CREATE TABLE `votacion_opcion` (
  `id_opcion` int(11) UNSIGNED NOT NULL,
  `id_votacion` int(11) UNSIGNED NOT NULL,
  `texto` varchar(255) NOT NULL
) ENGINE=InnoDB DEFAULT CHARSET=utf8mb4 COLLATE=utf8mb4_general_ci;

--
-- Volcado de datos para la tabla `votacion_opcion`
--

INSERT INTO `votacion_opcion` (`id_opcion`, `id_votacion`, `texto`) VALUES
(9, 2, 'si'),
(10, 2, 'no'),
(11, 3, 'si'),
(12, 3, 'no');

-- --------------------------------------------------------

--
-- Estructura de tabla para la tabla `voto`
--

CREATE TABLE `voto` (
  `id_voto` int(11) UNSIGNED NOT NULL,
  `id_votacion` int(11) UNSIGNED NOT NULL,
  `id_usuario` int(11) UNSIGNED NOT NULL,
  `id_opcion` int(11) UNSIGNED NOT NULL,
  `fecha_voto` datetime NOT NULL DEFAULT current_timestamp()
) ENGINE=InnoDB DEFAULT CHARSET=utf8mb4 COLLATE=utf8mb4_general_ci;

--
-- Volcado de datos para la tabla `voto`
--

INSERT INTO `voto` (`id_voto`, `id_votacion`, `id_usuario`, `id_opcion`, `fecha_voto`) VALUES
(6, 2, 17, 9, '2026-06-02 00:00:28'),
(7, 2, 1, 10, '2026-06-02 00:02:14'),
(8, 3, 17, 11, '2026-06-02 00:11:09'),
(9, 3, 1, 11, '2026-06-02 00:11:39'),
(10, 2, 3, 9, '2026-06-02 00:32:23');

--
-- Índices para tablas volcadas
--

--
-- Indices de la tabla `asistencia_reunion`
--
ALTER TABLE `asistencia_reunion`
  ADD PRIMARY KEY (`id_asistencia`),
  ADD KEY `id_reunion` (`id_reunion`),
  ADD KEY `id_vivienda` (`id_vivienda`);

--
-- Indices de la tabla `avisos_plataforma`
--
ALTER TABLE `avisos_plataforma`
  ADD PRIMARY KEY (`id_aviso`);

--
-- Indices de la tabla `codigo_validacion`
--
ALTER TABLE `codigo_validacion`
  ADD PRIMARY KEY (`id_codigo`),
  ADD KEY `id_vivienda` (`id_vivienda`);

--
-- Indices de la tabla `comunicados`
--
ALTER TABLE `comunicados`
  ADD PRIMARY KEY (`id_comunicado`),
  ADD KEY `id_comunidad` (`id_comunidad`);

--
-- Indices de la tabla `comunicado_lectura`
--
ALTER TABLE `comunicado_lectura`
  ADD PRIMARY KEY (`id_comunicado_lectura`),
  ADD KEY `id_comunicado` (`id_comunicado`),
  ADD KEY `id_usuario` (`id_usuario`);

--
-- Indices de la tabla `comunidad`
--
ALTER TABLE `comunidad`
  ADD PRIMARY KEY (`id_comunidad`),
  ADD KEY `id_mancomunidad` (`id_mancomunidad`),
  ADD KEY `id_direccion` (`id_direccion`);

--
-- Indices de la tabla `cuota`
--
ALTER TABLE `cuota`
  ADD PRIMARY KEY (`id_cuota`),
  ADD KEY `id_vivienda` (`id_vivienda`);

--
-- Indices de la tabla `direccion`
--
ALTER TABLE `direccion`
  ADD PRIMARY KEY (`id_direccion`);

--
-- Indices de la tabla `espacios_comunidad`
--
ALTER TABLE `espacios_comunidad`
  ADD PRIMARY KEY (`id_espacios_comunidad`),
  ADD KEY `id_comunidad` (`id_comunidad`);

--
-- Indices de la tabla `espacios_normas`
--
ALTER TABLE `espacios_normas`
  ADD PRIMARY KEY (`id_espacios_normas`),
  ADD KEY `id_espacios_comunidad` (`id_espacios_comunidad`);

--
-- Indices de la tabla `foro_mensaje`
--
ALTER TABLE `foro_mensaje`
  ADD PRIMARY KEY (`id_mensaje`),
  ADD KEY `id_tema` (`id_tema`),
  ADD KEY `id_usuario` (`id_usuario`);

--
-- Indices de la tabla `foro_tema`
--
ALTER TABLE `foro_tema`
  ADD PRIMARY KEY (`id_tema`),
  ADD KEY `id_comunidad` (`id_comunidad`),
  ADD KEY `id_usuario` (`id_usuario`);

--
-- Indices de la tabla `gasto`
--
ALTER TABLE `gasto`
  ADD PRIMARY KEY (`id_gasto`),
  ADD KEY `id_comunidad` (`id_comunidad`);

--
-- Indices de la tabla `incidencias`
--
ALTER TABLE `incidencias`
  ADD PRIMARY KEY (`id_incidencias`),
  ADD KEY `id_vivienda` (`id_vivienda`);
ALTER TABLE `incidencias` ADD FULLTEXT KEY `texto_normalizado` (`texto_normalizado`);

--
-- Indices de la tabla `incidencias_uniones`
--
ALTER TABLE `incidencias_uniones`
  ADD PRIMARY KEY (`id_incidencias_uniones`),
  ADD KEY `id_incidencias` (`id_incidencias`),
  ADD KEY `id_vivienda` (`id_vivienda`);

--
-- Indices de la tabla `mancomunidad`
--
ALTER TABLE `mancomunidad`
  ADD PRIMARY KEY (`id_mancomunidad`),
  ADD KEY `id_direccion` (`id_direccion`);

--
-- Indices de la tabla `matriculas`
--
ALTER TABLE `matriculas`
  ADD PRIMARY KEY (`id_matricula`),
  ADD KEY `id_vivienda` (`id_vivienda`);

--
-- Indices de la tabla `proveedores`
--
ALTER TABLE `proveedores`
  ADD PRIMARY KEY (`id_proveedor`),
  ADD KEY `id_comunidad` (`id_comunidad`);

--
-- Indices de la tabla `reservas`
--
ALTER TABLE `reservas`
  ADD PRIMARY KEY (`id_reservas`),
  ADD KEY `id_usuario` (`id_usuario`),
  ADD KEY `id_espacios_comunidad` (`id_espacios_comunidad`);

--
-- Indices de la tabla `reunion`
--
ALTER TABLE `reunion`
  ADD PRIMARY KEY (`id_reunion`),
  ADD KEY `id_comunidad` (`id_comunidad`);

--
-- Indices de la tabla `superadmin`
--
ALTER TABLE `superadmin`
  ADD PRIMARY KEY (`id_superadmin`),
  ADD UNIQUE KEY `email` (`email`);

--
-- Indices de la tabla `usuario`
--
ALTER TABLE `usuario`
  ADD PRIMARY KEY (`id_usuario`),
  ADD KEY `id_vivienda` (`id_vivienda`);

--
-- Indices de la tabla `vivienda`
--
ALTER TABLE `vivienda`
  ADD PRIMARY KEY (`id_vivienda`),
  ADD KEY `id_comunidad` (`id_comunidad`);

--
-- Indices de la tabla `votacion`
--
ALTER TABLE `votacion`
  ADD PRIMARY KEY (`id_votacion`),
  ADD KEY `id_comunidad` (`id_comunidad`);

--
-- Indices de la tabla `votacion_opcion`
--
ALTER TABLE `votacion_opcion`
  ADD PRIMARY KEY (`id_opcion`),
  ADD KEY `id_votacion` (`id_votacion`);

--
-- Indices de la tabla `voto`
--
ALTER TABLE `voto`
  ADD PRIMARY KEY (`id_voto`),
  ADD KEY `id_votacion` (`id_votacion`),
  ADD KEY `id_usuario` (`id_usuario`),
  ADD KEY `id_opcion` (`id_opcion`);

--
-- AUTO_INCREMENT de las tablas volcadas
--

--
-- AUTO_INCREMENT de la tabla `asistencia_reunion`
--
ALTER TABLE `asistencia_reunion`
  MODIFY `id_asistencia` int(11) UNSIGNED NOT NULL AUTO_INCREMENT, AUTO_INCREMENT=43;

--
-- AUTO_INCREMENT de la tabla `avisos_plataforma`
--
ALTER TABLE `avisos_plataforma`
  MODIFY `id_aviso` int(11) UNSIGNED NOT NULL AUTO_INCREMENT, AUTO_INCREMENT=6;

--
-- AUTO_INCREMENT de la tabla `codigo_validacion`
--
ALTER TABLE `codigo_validacion`
  MODIFY `id_codigo` int(11) UNSIGNED NOT NULL AUTO_INCREMENT;

--
-- AUTO_INCREMENT de la tabla `comunicados`
--
ALTER TABLE `comunicados`
  MODIFY `id_comunicado` int(11) UNSIGNED NOT NULL AUTO_INCREMENT;

--
-- AUTO_INCREMENT de la tabla `comunicado_lectura`
--
ALTER TABLE `comunicado_lectura`
  MODIFY `id_comunicado_lectura` int(11) NOT NULL AUTO_INCREMENT, AUTO_INCREMENT=2;

--
-- AUTO_INCREMENT de la tabla `comunidad`
--
ALTER TABLE `comunidad`
  MODIFY `id_comunidad` int(11) UNSIGNED NOT NULL AUTO_INCREMENT, AUTO_INCREMENT=5;

--
-- AUTO_INCREMENT de la tabla `cuota`
--
ALTER TABLE `cuota`
  MODIFY `id_cuota` int(11) UNSIGNED NOT NULL AUTO_INCREMENT, AUTO_INCREMENT=21;

--
-- AUTO_INCREMENT de la tabla `direccion`
--
ALTER TABLE `direccion`
  MODIFY `id_direccion` int(11) UNSIGNED NOT NULL AUTO_INCREMENT, AUTO_INCREMENT=5;

--
-- AUTO_INCREMENT de la tabla `espacios_comunidad`
--
ALTER TABLE `espacios_comunidad`
  MODIFY `id_espacios_comunidad` int(10) UNSIGNED NOT NULL AUTO_INCREMENT, AUTO_INCREMENT=5;

--
-- AUTO_INCREMENT de la tabla `espacios_normas`
--
ALTER TABLE `espacios_normas`
  MODIFY `id_espacios_normas` int(10) UNSIGNED NOT NULL AUTO_INCREMENT, AUTO_INCREMENT=9;

--
-- AUTO_INCREMENT de la tabla `foro_mensaje`
--
ALTER TABLE `foro_mensaje`
  MODIFY `id_mensaje` int(11) UNSIGNED NOT NULL AUTO_INCREMENT, AUTO_INCREMENT=32;

--
-- AUTO_INCREMENT de la tabla `foro_tema`
--
ALTER TABLE `foro_tema`
  MODIFY `id_tema` int(11) UNSIGNED NOT NULL AUTO_INCREMENT, AUTO_INCREMENT=8;

--
-- AUTO_INCREMENT de la tabla `gasto`
--
ALTER TABLE `gasto`
  MODIFY `id_gasto` int(11) UNSIGNED NOT NULL AUTO_INCREMENT, AUTO_INCREMENT=10;

--
-- AUTO_INCREMENT de la tabla `incidencias`
--
ALTER TABLE `incidencias`
  MODIFY `id_incidencias` int(10) UNSIGNED NOT NULL AUTO_INCREMENT, AUTO_INCREMENT=2;

--
-- AUTO_INCREMENT de la tabla `incidencias_uniones`
--
ALTER TABLE `incidencias_uniones`
  MODIFY `id_incidencias_uniones` int(10) UNSIGNED NOT NULL AUTO_INCREMENT;

--
-- AUTO_INCREMENT de la tabla `mancomunidad`
--
ALTER TABLE `mancomunidad`
  MODIFY `id_mancomunidad` int(11) UNSIGNED NOT NULL AUTO_INCREMENT;

--
-- AUTO_INCREMENT de la tabla `matriculas`
--
ALTER TABLE `matriculas`
  MODIFY `id_matricula` int(10) UNSIGNED NOT NULL AUTO_INCREMENT, AUTO_INCREMENT=6;

--
-- AUTO_INCREMENT de la tabla `proveedores`
--
ALTER TABLE `proveedores`
  MODIFY `id_proveedor` int(11) UNSIGNED NOT NULL AUTO_INCREMENT, AUTO_INCREMENT=10;

--
-- AUTO_INCREMENT de la tabla `reservas`
--
ALTER TABLE `reservas`
  MODIFY `id_reservas` int(11) UNSIGNED NOT NULL AUTO_INCREMENT, AUTO_INCREMENT=13;

--
-- AUTO_INCREMENT de la tabla `reunion`
--
ALTER TABLE `reunion`
  MODIFY `id_reunion` int(11) UNSIGNED NOT NULL AUTO_INCREMENT, AUTO_INCREMENT=8;

--
-- AUTO_INCREMENT de la tabla `superadmin`
--
ALTER TABLE `superadmin`
  MODIFY `id_superadmin` int(11) UNSIGNED NOT NULL AUTO_INCREMENT, AUTO_INCREMENT=2;

--
-- AUTO_INCREMENT de la tabla `usuario`
--
ALTER TABLE `usuario`
  MODIFY `id_usuario` int(11) UNSIGNED NOT NULL AUTO_INCREMENT, AUTO_INCREMENT=18;

--
-- AUTO_INCREMENT de la tabla `vivienda`
--
ALTER TABLE `vivienda`
  MODIFY `id_vivienda` int(10) UNSIGNED NOT NULL AUTO_INCREMENT, AUTO_INCREMENT=22;

--
-- AUTO_INCREMENT de la tabla `votacion`
--
ALTER TABLE `votacion`
  MODIFY `id_votacion` int(11) UNSIGNED NOT NULL AUTO_INCREMENT, AUTO_INCREMENT=4;

--
-- AUTO_INCREMENT de la tabla `votacion_opcion`
--
ALTER TABLE `votacion_opcion`
  MODIFY `id_opcion` int(11) UNSIGNED NOT NULL AUTO_INCREMENT, AUTO_INCREMENT=13;

--
-- AUTO_INCREMENT de la tabla `voto`
--
ALTER TABLE `voto`
  MODIFY `id_voto` int(11) UNSIGNED NOT NULL AUTO_INCREMENT, AUTO_INCREMENT=11;

--
-- Restricciones para tablas volcadas
--

--
-- Filtros para la tabla `asistencia_reunion`
--
ALTER TABLE `asistencia_reunion`
  ADD CONSTRAINT `fk_asistencia_reunion_reunion` FOREIGN KEY (`id_reunion`) REFERENCES `reunion` (`id_reunion`) ON DELETE CASCADE ON UPDATE CASCADE;

--
-- Filtros para la tabla `codigo_validacion`
--
ALTER TABLE `codigo_validacion`
  ADD CONSTRAINT `fk_codigo_vivienda` FOREIGN KEY (`id_vivienda`) REFERENCES `vivienda` (`id_vivienda`) ON DELETE CASCADE ON UPDATE CASCADE;

--
-- Filtros para la tabla `comunicados`
--
ALTER TABLE `comunicados`
  ADD CONSTRAINT `fk_comunicados_comunidad` FOREIGN KEY (`id_comunidad`) REFERENCES `comunidad` (`id_comunidad`) ON DELETE CASCADE ON UPDATE CASCADE;

--
-- Filtros para la tabla `comunicado_lectura`
--
ALTER TABLE `comunicado_lectura`
  ADD CONSTRAINT `fk_comunicado_lectura_comunicado` FOREIGN KEY (`id_comunicado`) REFERENCES `comunicados` (`id_comunicado`) ON DELETE CASCADE ON UPDATE CASCADE,
  ADD CONSTRAINT `fk_comunicado_lectura_usuario` FOREIGN KEY (`id_usuario`) REFERENCES `usuario` (`id_usuario`) ON DELETE CASCADE ON UPDATE CASCADE;

--
-- Filtros para la tabla `comunidad`
--
ALTER TABLE `comunidad`
  ADD CONSTRAINT `fk_comunidad_direccion` FOREIGN KEY (`id_direccion`) REFERENCES `direccion` (`id_direccion`) ON DELETE CASCADE ON UPDATE CASCADE,
  ADD CONSTRAINT `fk_comunidad_mancomunidad` FOREIGN KEY (`id_mancomunidad`) REFERENCES `mancomunidad` (`id_mancomunidad`) ON DELETE SET NULL ON UPDATE CASCADE;

--
-- Filtros para la tabla `cuota`
--
ALTER TABLE `cuota`
  ADD CONSTRAINT `fk_cuota_vivienda` FOREIGN KEY (`id_vivienda`) REFERENCES `vivienda` (`id_vivienda`) ON DELETE CASCADE ON UPDATE CASCADE;

--
-- Filtros para la tabla `espacios_comunidad`
--
ALTER TABLE `espacios_comunidad`
  ADD CONSTRAINT `fk_espacios_comunidad_comunidad` FOREIGN KEY (`id_comunidad`) REFERENCES `comunidad` (`id_comunidad`) ON DELETE CASCADE ON UPDATE CASCADE;

--
-- Filtros para la tabla `espacios_normas`
--
ALTER TABLE `espacios_normas`
  ADD CONSTRAINT `fk_normas_espacios` FOREIGN KEY (`id_espacios_comunidad`) REFERENCES `espacios_comunidad` (`id_espacios_comunidad`) ON DELETE CASCADE ON UPDATE CASCADE;

--
-- Filtros para la tabla `foro_mensaje`
--
ALTER TABLE `foro_mensaje`
  ADD CONSTRAINT `fk_mensaje_tema` FOREIGN KEY (`id_tema`) REFERENCES `foro_tema` (`id_tema`) ON DELETE CASCADE ON UPDATE CASCADE,
  ADD CONSTRAINT `fk_mensaje_usuario` FOREIGN KEY (`id_usuario`) REFERENCES `usuario` (`id_usuario`) ON DELETE CASCADE ON UPDATE CASCADE;

--
-- Filtros para la tabla `foro_tema`
--
ALTER TABLE `foro_tema`
  ADD CONSTRAINT `fk_tema_comunidad` FOREIGN KEY (`id_comunidad`) REFERENCES `comunidad` (`id_comunidad`) ON DELETE CASCADE ON UPDATE CASCADE,
  ADD CONSTRAINT `fk_tema_usuario` FOREIGN KEY (`id_usuario`) REFERENCES `usuario` (`id_usuario`) ON DELETE CASCADE ON UPDATE CASCADE;

--
-- Filtros para la tabla `gasto`
--
ALTER TABLE `gasto`
  ADD CONSTRAINT `fk_gasto_comunidad` FOREIGN KEY (`id_comunidad`) REFERENCES `comunidad` (`id_comunidad`) ON DELETE CASCADE ON UPDATE CASCADE;

--
-- Filtros para la tabla `incidencias`
--
ALTER TABLE `incidencias`
  ADD CONSTRAINT `fk_incidencias_vivienda` FOREIGN KEY (`id_vivienda`) REFERENCES `vivienda` (`id_vivienda`) ON DELETE CASCADE ON UPDATE CASCADE;

--
-- Filtros para la tabla `incidencias_uniones`
--
ALTER TABLE `incidencias_uniones`
  ADD CONSTRAINT `fk_uniones_incidencias` FOREIGN KEY (`id_incidencias`) REFERENCES `incidencias` (`id_incidencias`) ON DELETE CASCADE ON UPDATE CASCADE,
  ADD CONSTRAINT `fk_uniones_vivienda` FOREIGN KEY (`id_vivienda`) REFERENCES `vivienda` (`id_vivienda`) ON DELETE CASCADE ON UPDATE CASCADE;

--
-- Filtros para la tabla `mancomunidad`
--
ALTER TABLE `mancomunidad`
  ADD CONSTRAINT `fk_mancomunidad_direccion` FOREIGN KEY (`id_direccion`) REFERENCES `direccion` (`id_direccion`) ON DELETE CASCADE ON UPDATE CASCADE;

--
-- Filtros para la tabla `matriculas`
--
ALTER TABLE `matriculas`
  ADD CONSTRAINT `fk_matriculas_vivienda` FOREIGN KEY (`id_vivienda`) REFERENCES `vivienda` (`id_vivienda`) ON DELETE CASCADE ON UPDATE CASCADE;

--
-- Filtros para la tabla `proveedores`
--
ALTER TABLE `proveedores`
  ADD CONSTRAINT `fk_proveedores_comunidad` FOREIGN KEY (`id_comunidad`) REFERENCES `comunidad` (`id_comunidad`) ON DELETE CASCADE ON UPDATE CASCADE;

--
-- Filtros para la tabla `reservas`
--
ALTER TABLE `reservas`
  ADD CONSTRAINT `fk_reservas_espacio` FOREIGN KEY (`id_espacios_comunidad`) REFERENCES `espacios_comunidad` (`id_espacios_comunidad`) ON DELETE CASCADE ON UPDATE CASCADE,
  ADD CONSTRAINT `fk_reservas_usuario` FOREIGN KEY (`id_usuario`) REFERENCES `usuario` (`id_usuario`) ON DELETE CASCADE ON UPDATE CASCADE;

--
-- Filtros para la tabla `reunion`
--
ALTER TABLE `reunion`
  ADD CONSTRAINT `fk_reunion_comunidad` FOREIGN KEY (`id_comunidad`) REFERENCES `comunidad` (`id_comunidad`) ON DELETE CASCADE ON UPDATE CASCADE;

--
-- Filtros para la tabla `usuario`
--
ALTER TABLE `usuario`
  ADD CONSTRAINT `fk_usuario_vivienda` FOREIGN KEY (`id_vivienda`) REFERENCES `vivienda` (`id_vivienda`) ON DELETE CASCADE ON UPDATE CASCADE;

--
-- Filtros para la tabla `vivienda`
--
ALTER TABLE `vivienda`
  ADD CONSTRAINT `fk_vivienda_comunidad` FOREIGN KEY (`id_comunidad`) REFERENCES `comunidad` (`id_comunidad`) ON DELETE CASCADE ON UPDATE CASCADE;

--
-- Filtros para la tabla `votacion`
--
ALTER TABLE `votacion`
  ADD CONSTRAINT `fk_votacion_comunidad` FOREIGN KEY (`id_comunidad`) REFERENCES `comunidad` (`id_comunidad`) ON DELETE CASCADE ON UPDATE CASCADE;

--
-- Filtros para la tabla `votacion_opcion`
--
ALTER TABLE `votacion_opcion`
  ADD CONSTRAINT `fk_opcion_votacion` FOREIGN KEY (`id_votacion`) REFERENCES `votacion` (`id_votacion`) ON DELETE CASCADE ON UPDATE CASCADE;

--
-- Filtros para la tabla `voto`
--
ALTER TABLE `voto`
  ADD CONSTRAINT `fk_voto_opcion` FOREIGN KEY (`id_opcion`) REFERENCES `votacion_opcion` (`id_opcion`) ON DELETE CASCADE ON UPDATE CASCADE,
  ADD CONSTRAINT `fk_voto_usuario` FOREIGN KEY (`id_usuario`) REFERENCES `usuario` (`id_usuario`) ON DELETE CASCADE ON UPDATE CASCADE,
  ADD CONSTRAINT `fk_voto_votacion` FOREIGN KEY (`id_votacion`) REFERENCES `votacion` (`id_votacion`) ON DELETE CASCADE ON UPDATE CASCADE;
COMMIT;

/*!40101 SET CHARACTER_SET_CLIENT=@OLD_CHARACTER_SET_CLIENT */;
/*!40101 SET CHARACTER_SET_RESULTS=@OLD_CHARACTER_SET_RESULTS */;
/*!40101 SET COLLATION_CONNECTION=@OLD_COLLATION_CONNECTION */;
